image,clip_id,method,psnr,ssim
Roco_scene02_1080p__f00000000.png,Roco_scene02_1080p,bicubic,inf,1.0
Roco_scene02_1080p__f00000030.png,Roco_scene02_1080p,bicubic,31.616281,0.962236
Roco_scene02_1080p__f00000060.png,Roco_scene02_1080p,bicubic,31.678468,0.961971
Roco_scene02_1080p__f00000090.png,Roco_scene02_1080p,bicubic,30.958093,0.963937
Roco_scene02_1080p__f00000120.png,Roco_scene02_1080p,bicubic,30.753274,0.962161
Roco_scene02_1080p__f00000150.png,Roco_scene02_1080p,bicubic,30.553108,0.959587
Roco_scene02_1080p__f00000180.png,Roco_scene02_1080p,bicubic,30.636597,0.959387
Roco_scene02_1080p__f00000210.png,Roco_scene02_1080p,bicubic,32.889072,0.969327
Roco_scene02_1080p__f00000240.png,Roco_scene02_1080p,bicubic,32.614726,0.968974
Roco_scene02_1080p__f00000270.png,Roco_scene02_1080p,bicubic,32.470036,0.967884
Roco_scene02_1080p__f00000300.png,Roco_scene02_1080p,bicubic,32.268989,0.966407
Roco_scene02_1080p__f00000330.png,Roco_scene02_1080p,bicubic,32.205109,0.966929
Roco_scene02_1080p__f00000360.png,Roco_scene02_1080p,bicubic,32.294965,0.966529
Roco_scene02_1080p__f00000390.png,Roco_scene02_1080p,bicubic,32.50044,0.967889
Roco_scene02_1080p__f00000420.png,Roco_scene02_1080p,bicubic,32.403322,0.967473
Roco_scene02_1080p__f00000450.png,Roco_scene02_1080p,bicubic,32.434789,0.967641
Roco_scene02_1080p__f00000480.png,Roco_scene02_1080p,bicubic,32.275185,0.966975
Roco_scene02_1080p__f00000510.png,Roco_scene02_1080p,bicubic,32.408074,0.968034
Roco_scene02_1080p__f00000540.png,Roco_scene02_1080p,bicubic,32.372583,0.96796
Roco_scene02_1080p__f00000570.png,Roco_scene02_1080p,bicubic,32.514884,0.968213
Roco_scene02_1080p__f00000600.png,Roco_scene02_1080p,bicubic,32.439923,0.96715
Roco_scene02_1080p__f00000630.png,Roco_scene02_1080p,bicubic,32.575364,0.968199
Roco_scene02_1080p__f00000660.png,Roco_scene02_1080p,bicubic,30.330477,0.955081
Roco_scene02_1080p__f00000690.png,Roco_scene02_1080p,bicubic,30.280021,0.955197
Roco_scene02_1080p__f00000720.png,Roco_scene02_1080p,bicubic,30.389313,0.957886
Roco_scene02_1080p__f00000750.png,Roco_scene02_1080p,bicubic,31.624963,0.965163
Roco_scene02_1080p__f00000780.png,Roco_scene02_1080p,bicubic,31.163591,0.959861
Roco_scene02_1080p__f00000810.png,Roco_scene02_1080p,bicubic,30.899373,0.962226
Roco_scene02_1080p__f00000840.png,Roco_scene02_1080p,bicubic,31.099411,0.965524
Roco_scene02_1080p__f00000870.png,Roco_scene02_1080p,bicubic,31.041903,0.964598
Roco_scene02_1080p__f00000900.png,Roco_scene02_1080p,bicubic,30.17728,0.957242
Roco_scene02_1080p__f00000930.png,Roco_scene02_1080p,bicubic,30.637155,0.962127
Roco_scene02_1080p__f00000960.png,Roco_scene02_1080p,bicubic,31.67069,0.962763
Roco_scene02_1080p__f00000990.png,Roco_scene02_1080p,bicubic,31.978143,0.968621
Roco_scene02_1080p__f00001020.png,Roco_scene02_1080p,bicubic,32.231972,0.969747
Roco_scene02_1080p__f00001050.png,Roco_scene02_1080p,bicubic,31.253781,0.96582
Roco_scene02_1080p__f00001080.png,Roco_scene02_1080p,bicubic,30.815536,0.960825
Roco_scene02_1080p__f00001110.png,Roco_scene02_1080p,bicubic,31.206427,0.963298
Roco_scene02_1080p__f00001140.png,Roco_scene02_1080p,bicubic,31.510598,0.966849
Roco_scene02_1080p__f00001170.png,Roco_scene02_1080p,bicubic,31.782415,0.9674
Roco_scene02_1080p__f00001200.png,Roco_scene02_1080p,bicubic,30.788791,0.963295
Roco_scene02_1080p__f00001230.png,Roco_scene02_1080p,bicubic,30.757451,0.963327
Roco_scene02_1080p__f00001260.png,Roco_scene02_1080p,bicubic,31.602321,0.970087
Roco_scene02_1080p__f00001290.png,Roco_scene02_1080p,bicubic,31.362293,0.969472
Roco_scene02_1080p__f00001320.png,Roco_scene02_1080p,bicubic,31.882229,0.974261
Roco_scene02_1080p__f00001350.png,Roco_scene02_1080p,bicubic,32.003259,0.973388
Roco_scene02_1080p__f00001380.png,Roco_scene02_1080p,bicubic,31.629109,0.971783
Roco_scene02_1080p__f00001410.png,Roco_scene02_1080p,bicubic,31.498295,0.971527
Roco_scene02_1080p__f00001440.png,Roco_scene02_1080p,bicubic,31.427752,0.971398
Roco_scene02_1080p__f00001470.png,Roco_scene02_1080p,bicubic,31.295434,0.967997
Roco_scene02_1080p__f00001500.png,Roco_scene02_1080p,bicubic,31.295616,0.967221
Roco_scene02_1080p__f00001530.png,Roco_scene02_1080p,bicubic,31.187258,0.953539
Roco_scene02_1080p__f00001560.png,Roco_scene02_1080p,bicubic,30.111311,0.926749
Roco_scene02_1080p__f00001590.png,Roco_scene02_1080p,bicubic,30.057586,0.92612
Roco_scene02_1080p__f00001620.png,Roco_scene02_1080p,bicubic,30.41266,0.966433
Roco_scene02_1080p__f00001650.png,Roco_scene02_1080p,bicubic,30.819851,0.968751
Roco_scene02_1080p__f00001680.png,Roco_scene02_1080p,bicubic,30.765743,0.966701
Roco_scene02_1080p__f00001710.png,Roco_scene02_1080p,bicubic,30.575351,0.962413
Roco_scene02_1080p__f00001740.png,Roco_scene02_1080p,bicubic,30.523675,0.961024
Roco_scene02_1080p__f00001770.png,Roco_scene02_1080p,bicubic,31.608056,0.964502
Roco_scene02_1080p__f00001800.png,Roco_scene02_1080p,bicubic,31.092298,0.962352
Roco_scene02_1080p__f00001830.png,Roco_scene02_1080p,bicubic,30.508568,0.958692
Roco_scene02_1080p__f00001860.png,Roco_scene02_1080p,bicubic,31.057495,0.964488
Roco_scene02_1080p__f00001890.png,Roco_scene02_1080p,bicubic,31.009639,0.963831
Roco_scene02_1080p__f00001920.png,Roco_scene02_1080p,bicubic,31.764879,0.968359
Roco_scene02_1080p__f00001950.png,Roco_scene02_1080p,bicubic,31.534634,0.969042
Roco_scene02_1080p__f00001980.png,Roco_scene02_1080p,bicubic,31.452784,0.968503
Roco_scene02_1080p__f00002010.png,Roco_scene02_1080p,bicubic,31.530961,0.968949
Roco_scene02_1080p__f00002040.png,Roco_scene02_1080p,bicubic,31.562071,0.969999
Roco_scene02_1080p__f00002070.png,Roco_scene02_1080p,bicubic,31.660723,0.97076
Roco_scene02_1080p__f00002100.png,Roco_scene02_1080p,bicubic,31.038683,0.963895
Roco_scene02_1080p__f00002130.png,Roco_scene02_1080p,bicubic,31.155684,0.966683
Roco_scene02_1080p__f00002160.png,Roco_scene02_1080p,bicubic,30.570998,0.951334
Roco_scene02_1080p__f00002190.png,Roco_scene02_1080p,bicubic,30.870522,0.963271
Roco_scene02_1080p__f00002220.png,Roco_scene02_1080p,bicubic,30.743918,0.952068
Roco_scene02_1080p__f00002250.png,Roco_scene02_1080p,bicubic,31.852958,0.97491
Roco_scene02_1080p__f00002280.png,Roco_scene02_1080p,bicubic,31.926196,0.974341
Roco_scene02_1080p__f00002310.png,Roco_scene02_1080p,bicubic,31.863964,0.975136
Roco_scene02_1080p__f00002340.png,Roco_scene02_1080p,bicubic,31.936008,0.977164
Roco_scene02_1080p__f00002370.png,Roco_scene02_1080p,bicubic,32.008428,0.976309
Roco_scene02_1080p__f00002400.png,Roco_scene02_1080p,bicubic,31.963959,0.972196
Roco_scene02_1080p__f00002430.png,Roco_scene02_1080p,bicubic,31.735052,0.976435
Roco_scene02_1080p__f00002460.png,Roco_scene02_1080p,bicubic,31.639778,0.974256
Roco_scene02_1080p__f00002490.png,Roco_scene02_1080p,bicubic,31.362397,0.972681
Roco_scene02_1080p__f00002520.png,Roco_scene02_1080p,bicubic,31.915827,0.977118
Roco_scene02_1080p__f00002550.png,Roco_scene02_1080p,bicubic,31.783395,0.977017
Roco_scene02_1080p__f00002580.png,Roco_scene02_1080p,bicubic,31.882912,0.973788
Roco_scene02_1080p__f00002610.png,Roco_scene02_1080p,bicubic,31.48319,0.9702
Roco_scene02_1080p__f00002640.png,Roco_scene02_1080p,bicubic,31.682068,0.972742
Roco_scene02_1080p__f00002670.png,Roco_scene02_1080p,bicubic,31.716808,0.971716
Roco_scene02_1080p__f00002700.png,Roco_scene02_1080p,bicubic,31.253776,0.966368
Roco_scene02_1080p__f00002730.png,Roco_scene02_1080p,bicubic,31.872436,0.971
Roco_scene02_1080p__f00002760.png,Roco_scene02_1080p,bicubic,31.825351,0.972444
Roco_scene02_1080p__f00002790.png,Roco_scene02_1080p,bicubic,31.864766,0.973616
Roco_scene02_1080p__f00002820.png,Roco_scene02_1080p,bicubic,31.358603,0.969297
Roco_scene02_1080p__f00002850.png,Roco_scene02_1080p,bicubic,31.095832,0.968782
Roco_scene02_1080p__f00002880.png,Roco_scene02_1080p,bicubic,31.861882,0.973331
Roco_scene02_1080p__f00002910.png,Roco_scene02_1080p,bicubic,31.58881,0.970561
Roco_scene02_1080p__f00002940.png,Roco_scene02_1080p,bicubic,31.469855,0.971165
Roco_scene02_1080p__f00002970.png,Roco_scene02_1080p,bicubic,31.849113,0.972519
Roco_scene02_1080p__f00003000.png,Roco_scene02_1080p,bicubic,31.820828,0.971953
Roco_scene02_1080p__f00003030.png,Roco_scene02_1080p,bicubic,31.914784,0.9736
Roco_scene02_1080p__f00003060.png,Roco_scene02_1080p,bicubic,30.70362,0.939665
Roco_scene02_1080p__f00003090.png,Roco_scene02_1080p,bicubic,29.233661,0.906834
Roco_scene02_1080p__f00003120.png,Roco_scene02_1080p,bicubic,31.806702,0.973287
Roco_scene02_1080p__f00003150.png,Roco_scene02_1080p,bicubic,31.872853,0.974207
Roco_scene02_1080p__f00003180.png,Roco_scene02_1080p,bicubic,31.799274,0.973718
Roco_scene02_1080p__f00003210.png,Roco_scene02_1080p,bicubic,31.917412,0.969965
Roco_scene02_1080p__f00003240.png,Roco_scene02_1080p,bicubic,31.766069,0.968418
Roco_scene02_1080p__f00003270.png,Roco_scene02_1080p,bicubic,29.885205,0.905244
Roco_scene02_1080p__f00003300.png,Roco_scene02_1080p,bicubic,31.296053,0.962191
Roco_scene02_1080p__f00003330.png,Roco_scene02_1080p,bicubic,31.889299,0.968011
Roco_scene02_1080p__f00003360.png,Roco_scene02_1080p,bicubic,31.506738,0.969127
Roco_scene02_1080p__f00003390.png,Roco_scene02_1080p,bicubic,31.888507,0.970325
Roco_scene02_1080p__f00003420.png,Roco_scene02_1080p,bicubic,31.564422,0.967637
Roco_scene02_1080p__f00003450.png,Roco_scene02_1080p,bicubic,30.921251,0.961333
Roco_scene02_1080p__f00003480.png,Roco_scene02_1080p,bicubic,31.371271,0.962492
Roco_scene02_1080p__f00003510.png,Roco_scene02_1080p,bicubic,30.404674,0.920678
Roco_scene02_1080p__f00003540.png,Roco_scene02_1080p,bicubic,29.876095,0.921717
Roco_scene02_1080p__f00003570.png,Roco_scene02_1080p,bicubic,31.493902,0.964901
Roco_scene02_1080p__f00003600.png,Roco_scene02_1080p,bicubic,31.145984,0.96148
Roco_scene02_1080p__f00003630.png,Roco_scene02_1080p,bicubic,31.431399,0.968607
Roco_scene02_1080p__f00003660.png,Roco_scene02_1080p,bicubic,31.018874,0.965107
Roco_scene02_1080p__f00003690.png,Roco_scene02_1080p,bicubic,31.048205,0.965966
Roco_scene02_1080p__f00003720.png,Roco_scene02_1080p,bicubic,31.606124,0.97092
Roco_scene02_1080p__f00003750.png,Roco_scene02_1080p,bicubic,31.821166,0.971463
Roco_scene02_1080p__f00003780.png,Roco_scene02_1080p,bicubic,32.107657,0.970221
Roco_scene02_1080p__f00003810.png,Roco_scene02_1080p,bicubic,31.598813,0.96681
Roco_scene02_1080p__f00003840.png,Roco_scene02_1080p,bicubic,32.208435,0.971148
Roco_scene02_1080p__f00003870.png,Roco_scene02_1080p,bicubic,31.977785,0.973387
Roco_scene02_1080p__f00003900.png,Roco_scene02_1080p,bicubic,30.649132,0.965917
Roco_scene02_1080p__f00003930.png,Roco_scene02_1080p,bicubic,32.608013,0.978185
Roco_scene02_1080p__f00003960.png,Roco_scene02_1080p,bicubic,31.274019,0.974446
Roco_scene02_1080p__f00003990.png,Roco_scene02_1080p,bicubic,31.675422,0.972116
Roco_scene02_1080p__f00004020.png,Roco_scene02_1080p,bicubic,31.356672,0.967181
Roco_scene02_1080p__f00004050.png,Roco_scene02_1080p,bicubic,31.770415,0.966648
Roco_scene02_1080p__f00004080.png,Roco_scene02_1080p,bicubic,31.41554,0.962891
Roco_scene02_1080p__f00004110.png,Roco_scene02_1080p,bicubic,31.54083,0.965546
Roco_scene02_1080p__f00004140.png,Roco_scene02_1080p,bicubic,31.264219,0.962303
Roco_scene02_1080p__f00004170.png,Roco_scene02_1080p,bicubic,31.000997,0.960741
Roco_scene02_1080p__f00004200.png,Roco_scene02_1080p,bicubic,31.106917,0.960781
Roco_scene02_1080p__f00004230.png,Roco_scene02_1080p,bicubic,31.269349,0.972234
Roco_scene02_1080p__f00004260.png,Roco_scene02_1080p,bicubic,31.342848,0.973566
Roco_scene02_1080p__f00004290.png,Roco_scene02_1080p,bicubic,31.511275,0.967927
Roco_scene02_1080p__f00004320.png,Roco_scene02_1080p,bicubic,31.46088,0.966933
Roco_scene02_1080p__f00004350.png,Roco_scene02_1080p,bicubic,31.802071,0.967944
Roco_scene02_1080p__f00004380.png,Roco_scene02_1080p,bicubic,31.413212,0.967147
Roco_scene02_1080p__f00004410.png,Roco_scene02_1080p,bicubic,31.224089,0.965092
Roco_scene02_1080p__f00004440.png,Roco_scene02_1080p,bicubic,31.417037,0.967593
Roco_scene02_1080p__f00004470.png,Roco_scene02_1080p,bicubic,31.768965,0.96579
Roco_scene02_1080p__f00004500.png,Roco_scene02_1080p,bicubic,31.804388,0.960656
Roco_scene02_1080p__f00004530.png,Roco_scene02_1080p,bicubic,31.492879,0.960964
Roco_scene02_1080p__f00004560.png,Roco_scene02_1080p,bicubic,31.780116,0.965297
Roco_scene02_1080p__f00004590.png,Roco_scene02_1080p,bicubic,31.859663,0.965874
Roco_scene02_1080p__f00004620.png,Roco_scene02_1080p,bicubic,31.129762,0.962801
Roco_scene02_1080p__f00004650.png,Roco_scene02_1080p,bicubic,30.776444,0.961481
Roco_scene02_1080p__f00004680.png,Roco_scene02_1080p,bicubic,30.689981,0.961816
Roco_scene02_1080p__f00004710.png,Roco_scene02_1080p,bicubic,31.53644,0.967307
Roco_scene02_1080p__f00004740.png,Roco_scene02_1080p,bicubic,31.267086,0.963601
Roco_scene02_1080p__f00004770.png,Roco_scene02_1080p,bicubic,31.701919,0.970164
Roco_scene02_1080p__f00004800.png,Roco_scene02_1080p,bicubic,31.420731,0.961644
Roco_scene02_1080p__f00004830.png,Roco_scene02_1080p,bicubic,31.391293,0.967312
Roco_scene02_1080p__f00004860.png,Roco_scene02_1080p,bicubic,31.635167,0.965826
Roco_scene02_1080p__f00004890.png,Roco_scene02_1080p,bicubic,31.882437,0.970394
Roco_scene02_1080p__f00004920.png,Roco_scene02_1080p,bicubic,31.923732,0.970036
Roco_scene02_1080p__f00004950.png,Roco_scene02_1080p,bicubic,31.364203,0.967223
Roco_scene02_1080p__f00004980.png,Roco_scene02_1080p,bicubic,30.837411,0.963418
Roco_scene02_1080p__f00005010.png,Roco_scene02_1080p,bicubic,31.075559,0.963948
Roco_scene02_1080p__f00005040.png,Roco_scene02_1080p,bicubic,30.739021,0.961143
Roco_scene02_1080p__f00005070.png,Roco_scene02_1080p,bicubic,31.391182,0.965909
Roco_scene02_1080p__f00005100.png,Roco_scene02_1080p,bicubic,31.017387,0.962992
Roco_scene02_1080p__f00005130.png,Roco_scene02_1080p,bicubic,31.621528,0.967593
Roco_scene02_1080p__f00005160.png,Roco_scene02_1080p,bicubic,31.635054,0.965641
Roco_scene02_1080p__f00005190.png,Roco_scene02_1080p,bicubic,31.365412,0.965931
Roco_scene02_1080p__f00005220.png,Roco_scene02_1080p,bicubic,31.055061,0.964926
Roco_scene02_1080p__f00005250.png,Roco_scene02_1080p,bicubic,30.277781,0.935606
Roco_scene02_1080p__f00005280.png,Roco_scene02_1080p,bicubic,31.63962,0.968971
Roco_scene02_1080p__f00005310.png,Roco_scene02_1080p,bicubic,31.608221,0.968747
Roco_scene02_1080p__f00005340.png,Roco_scene02_1080p,bicubic,31.381544,0.963546
Roco_scene02_1080p__f00005370.png,Roco_scene02_1080p,bicubic,32.144681,0.968717
Roco_scene02_1080p__f00005400.png,Roco_scene02_1080p,bicubic,31.240701,0.963932
Roco_scene02_1080p__f00005430.png,Roco_scene02_1080p,bicubic,31.569374,0.968895
Roco_scene02_1080p__f00005460.png,Roco_scene02_1080p,bicubic,31.638694,0.971008
Roco_scene02_1080p__f00005490.png,Roco_scene02_1080p,bicubic,31.29653,0.967614
Roco_scene02_1080p__f00005520.png,Roco_scene02_1080p,bicubic,30.962502,0.964145
Roco_scene02_1080p__f00005550.png,Roco_scene02_1080p,bicubic,30.753053,0.963194
Roco_scene02_1080p__f00005580.png,Roco_scene02_1080p,bicubic,29.553326,0.926295
Roco_scene02_1080p__f00005610.png,Roco_scene02_1080p,bicubic,31.795629,0.970745
Roco_scene02_1080p__f00005640.png,Roco_scene02_1080p,bicubic,31.511099,0.972282
Roco_scene02_1080p__f00005670.png,Roco_scene02_1080p,bicubic,31.639285,0.975128
Roco_scene02_1080p__f00005700.png,Roco_scene02_1080p,bicubic,31.340592,0.970863
Roco_scene02_1080p__f00005730.png,Roco_scene02_1080p,bicubic,31.471896,0.971548
Roco_scene02_1080p__f00005760.png,Roco_scene02_1080p,bicubic,31.958123,0.976489
Roco_scene02_1080p__f00005790.png,Roco_scene02_1080p,bicubic,31.503412,0.973257
Roco_scene02_1080p__f00005820.png,Roco_scene02_1080p,bicubic,31.938944,0.975727
Roco_scene02_1080p__f00005850.png,Roco_scene02_1080p,bicubic,32.254016,0.974788
Roco_scene02_1080p__f00005880.png,Roco_scene02_1080p,bicubic,31.617466,0.974413
Roco_scene02_1080p__f00005910.png,Roco_scene02_1080p,bicubic,31.419282,0.971236
Roco_scene02_1080p__f00005940.png,Roco_scene02_1080p,bicubic,31.485245,0.973543
Roco_scene02_1080p__f00005970.png,Roco_scene02_1080p,bicubic,31.937858,0.977656
Roco_scene02_1080p__f00006000.png,Roco_scene02_1080p,bicubic,31.483087,0.975427
Roco_scene02_1080p__f00006030.png,Roco_scene02_1080p,bicubic,31.93605,0.972605
Roco_scene02_1080p__f00006060.png,Roco_scene02_1080p,bicubic,31.439433,0.971487
Roco_scene02_1080p__f00006090.png,Roco_scene02_1080p,bicubic,31.522577,0.973732
Roco_scene02_1080p__f00006120.png,Roco_scene02_1080p,bicubic,31.34255,0.970361
Roco_scene02_1080p__f00006150.png,Roco_scene02_1080p,bicubic,31.43436,0.970724
Roco_scene02_1080p__f00006180.png,Roco_scene02_1080p,bicubic,31.244182,0.968529
Roco_scene02_1080p__f00006210.png,Roco_scene02_1080p,bicubic,36.935449,0.98256
Roco_scene02_1080p__f00006240.png,Roco_scene02_1080p,bicubic,42.410664,0.98695
Roco_scene02_1080p__f00006270.png,Roco_scene02_1080p,bicubic,42.850767,0.987594
Roco_scene02_1080p__f00006300.png,Roco_scene02_1080p,bicubic,42.337273,0.986855
Roco_scene02_1080p__f00006330.png,Roco_scene02_1080p,bicubic,42.286237,0.986968
Roco_scene02_1080p__f00006360.png,Roco_scene02_1080p,bicubic,42.147702,0.986798
Roco_scene02_1080p__f00006390.png,Roco_scene02_1080p,bicubic,37.937998,0.986821
Roco_scene02_1080p__f00006420.png,Roco_scene02_1080p,bicubic,43.182927,0.992628
Roco_scene02_1080p__f00006450.png,Roco_scene02_1080p,bicubic,35.080824,0.978764
Roco_scene02_1080p__f00006480.png,Roco_scene02_1080p,bicubic,39.599157,0.983414
Roco_scene02_1080p__f00006510.png,Roco_scene02_1080p,bicubic,40.43009,0.984231
Roco_scene02_1080p__f00006540.png,Roco_scene02_1080p,bicubic,34.900626,0.98045
Roco_scene02_1080p__f00006570.png,Roco_scene02_1080p,bicubic,39.467828,0.989001
Roco_scene02_1080p__f00006600.png,Roco_scene02_1080p,bicubic,39.996972,0.986926
Roco_scene02_1080p__f00006630.png,Roco_scene02_1080p,bicubic,39.272895,0.982331
Roco_scene02_1080p__f00006660.png,Roco_scene02_1080p,bicubic,39.586642,0.982181
Roco_scene02_1080p__f00006690.png,Roco_scene02_1080p,bicubic,39.277924,0.981608
Roco_scene02_1080p__f00006720.png,Roco_scene02_1080p,bicubic,39.072912,0.981672
Roco_scene02_1080p__f00006750.png,Roco_scene02_1080p,bicubic,38.019653,0.980607
Roco_scene02_1080p__f00006780.png,Roco_scene02_1080p,bicubic,33.498985,0.972712
Roco_scene02_1080p__f00006810.png,Roco_scene02_1080p,bicubic,32.994943,0.972494
Roco_scene02_1080p__f00006840.png,Roco_scene02_1080p,bicubic,32.996648,0.973078
Roco_scene02_1080p__f00006870.png,Roco_scene02_1080p,bicubic,32.897222,0.972235
Roco_scene02_1080p__f00006900.png,Roco_scene02_1080p,bicubic,32.979353,0.972944
Roco_scene02_1080p__f00006930.png,Roco_scene02_1080p,bicubic,32.745618,0.971943
Roco_scene02_1080p__f00006960.png,Roco_scene02_1080p,bicubic,32.739898,0.971912
Roco_scene02_1080p__f00006990.png,Roco_scene02_1080p,bicubic,35.630063,0.977472
Roco_scene02_1080p__f00007020.png,Roco_scene02_1080p,bicubic,35.199473,0.976408
Roco_scene02_1080p__f00007050.png,Roco_scene02_1080p,bicubic,35.332038,0.977067
Roco_scene02_1080p__f00007080.png,Roco_scene02_1080p,bicubic,35.240674,0.97639
Roco_scene02_1080p__f00007110.png,Roco_scene02_1080p,bicubic,35.237974,0.976944
Roco_scene02_1080p__f00007140.png,Roco_scene02_1080p,bicubic,35.161284,0.976116
Roco_scene02_1080p__f00007170.png,Roco_scene02_1080p,bicubic,35.353672,0.97734
Roco_scene02_1080p__f00007200.png,Roco_scene02_1080p,bicubic,34.320821,0.976464
Roco_scene02_1080p__f00007230.png,Roco_scene02_1080p,bicubic,34.053708,0.974197
Roco_scene02_1080p__f00007260.png,Roco_scene02_1080p,bicubic,34.509554,0.971543
Roco_scene02_1080p__f00007290.png,Roco_scene02_1080p,bicubic,34.808997,0.972513
Roco_scene02_1080p__f00007320.png,Roco_scene02_1080p,bicubic,34.898895,0.972372
Roco_scene02_1080p__f00007350.png,Roco_scene02_1080p,bicubic,35.172298,0.973878
Roco_scene02_1080p__f00007380.png,Roco_scene02_1080p,bicubic,35.354202,0.976716
Roco_scene02_1080p__f00007410.png,Roco_scene02_1080p,bicubic,34.530738,0.975827
Roco_scene02_1080p__f00007440.png,Roco_scene02_1080p,bicubic,34.14391,0.977365
Roco_scene02_1080p__f00007470.png,Roco_scene02_1080p,bicubic,34.45024,0.976639
Roco_scene02_1080p__f00007500.png,Roco_scene02_1080p,bicubic,34.908274,0.977086
Roco_scene02_1080p__f00007530.png,Roco_scene02_1080p,bicubic,35.347691,0.97725
Roco_scene02_1080p__f00007560.png,Roco_scene02_1080p,bicubic,35.310588,0.976652
Roco_scene02_1080p__f00007590.png,Roco_scene02_1080p,bicubic,35.296564,0.976679
Roco_scene02_1080p__f00007620.png,Roco_scene02_1080p,bicubic,35.276475,0.97625
Roco_scene02_1080p__f00007650.png,Roco_scene02_1080p,bicubic,35.584904,0.978655
Roco_scene02_1080p__f00007680.png,Roco_scene02_1080p,bicubic,35.004906,0.977119
Roco_scene02_1080p__f00007710.png,Roco_scene02_1080p,bicubic,34.983852,0.976862
Roco_scene02_1080p__f00007740.png,Roco_scene02_1080p,bicubic,35.188996,0.976594
Roco_scene02_1080p__f00007770.png,Roco_scene02_1080p,bicubic,32.218002,0.970535
Roco_scene02_1080p__f00007800.png,Roco_scene02_1080p,bicubic,32.771953,0.973306
Roco_scene02_1080p__f00007830.png,Roco_scene02_1080p,bicubic,31.068608,0.964176
Roco_scene02_1080p__f00007860.png,Roco_scene02_1080p,bicubic,31.018076,0.963591
Roco_scene02_1080p__f00007890.png,Roco_scene02_1080p,bicubic,31.071636,0.964277
Roco_scene02_1080p__f00007920.png,Roco_scene02_1080p,bicubic,31.129803,0.964474
Roco_scene02_1080p__f00007950.png,Roco_scene02_1080p,bicubic,32.640453,0.969989
Roco_scene02_1080p__f00007980.png,Roco_scene02_1080p,bicubic,32.65613,0.970562
Roco_scene02_1080p__f00008010.png,Roco_scene02_1080p,bicubic,32.615764,0.970233
Roco_scene02_1080p__f00008040.png,Roco_scene02_1080p,bicubic,32.65625,0.970623
Roco_scene02_1080p__f00008070.png,Roco_scene02_1080p,bicubic,31.817704,0.967051
Roco_scene02_1080p__f00008100.png,Roco_scene02_1080p,bicubic,31.855352,0.967177
Roco_scene02_1080p__f00008130.png,Roco_scene02_1080p,bicubic,31.837614,0.965731
Roco_scene02_1080p__f00008160.png,Roco_scene02_1080p,bicubic,31.775228,0.965432
Roco_scene02_1080p__f00008190.png,Roco_scene02_1080p,bicubic,31.692439,0.966818
Roco_scene02_1080p__f00008220.png,Roco_scene02_1080p,bicubic,32.053714,0.971741
Roco_scene02_1080p__f00008250.png,Roco_scene02_1080p,bicubic,35.110153,0.980488
Roco_scene02_1080p__f00008280.png,Roco_scene02_1080p,bicubic,34.925801,0.9809
Roco_scene02_1080p__f00008310.png,Roco_scene02_1080p,bicubic,41.749833,0.988889
Roco_scene02_1080p__f00008340.png,Roco_scene02_1080p,bicubic,40.856179,0.987311
Roco_scene02_1080p__f00008370.png,Roco_scene02_1080p,bicubic,41.489303,0.990419
Roco_scene02_1080p__f00008400.png,Roco_scene02_1080p,bicubic,41.217949,0.991028
Roco_scene02_1080p__f00008430.png,Roco_scene02_1080p,bicubic,41.985725,0.992106
Roco_scene02_1080p__f00008460.png,Roco_scene02_1080p,bicubic,40.650809,0.989878
Roco_scene02_1080p__f00008490.png,Roco_scene02_1080p,bicubic,40.525643,0.989515
Roco_scene02_1080p__f00008520.png,Roco_scene02_1080p,bicubic,40.406375,0.988986
Roco_scene02_1080p__f00008550.png,Roco_scene02_1080p,bicubic,40.948648,0.989896
Roco_scene02_1080p__f00008580.png,Roco_scene02_1080p,bicubic,40.297451,0.988523
Roco_scene02_1080p__f00008610.png,Roco_scene02_1080p,bicubic,40.512599,0.989061
Roco_scene02_1080p__f00008640.png,Roco_scene02_1080p,bicubic,40.620597,0.990134
Roco_scene02_1080p__f00008670.png,Roco_scene02_1080p,bicubic,40.101732,0.989597
Roco_scene02_1080p__f00008700.png,Roco_scene02_1080p,bicubic,40.118169,0.989944
Roco_scene02_1080p__f00008730.png,Roco_scene02_1080p,bicubic,40.211853,0.990111
Roco_scene02_1080p__f00008760.png,Roco_scene02_1080p,bicubic,40.624561,0.985754
Roco_scene02_1080p__f00008790.png,Roco_scene02_1080p,bicubic,40.844518,0.98728
Roco_scene02_1080p__f00008820.png,Roco_scene02_1080p,bicubic,40.865012,0.988899
Roco_scene02_1080p__f00008850.png,Roco_scene02_1080p,bicubic,40.259835,0.988809
Roco_scene02_1080p__f00008880.png,Roco_scene02_1080p,bicubic,39.774848,0.988653
Roco_scene02_1080p__f00008910.png,Roco_scene02_1080p,bicubic,39.327125,0.985138
Roco_scene02_1080p__f00008940.png,Roco_scene02_1080p,bicubic,38.901024,0.984509
Roco_scene02_1080p__f00008970.png,Roco_scene02_1080p,bicubic,37.154918,0.981051
Roco_scene02_1080p__f00009000.png,Roco_scene02_1080p,bicubic,36.721116,0.979999
Roco_scene02_1080p__f00009030.png,Roco_scene02_1080p,bicubic,32.148586,0.974252
Roco_scene02_1080p__f00009060.png,Roco_scene02_1080p,bicubic,31.584348,0.97317
Roco_scene02_1080p__f00009090.png,Roco_scene02_1080p,bicubic,30.747614,0.96842
Roco_scene02_1080p__f00009120.png,Roco_scene02_1080p,bicubic,31.073336,0.969894
Roco_scene02_1080p__f00009150.png,Roco_scene02_1080p,bicubic,30.855546,0.969025
Roco_scene02_1080p__f00009180.png,Roco_scene02_1080p,bicubic,30.717176,0.969273
Roco_scene02_1080p__f00009210.png,Roco_scene02_1080p,bicubic,30.550865,0.96676
Roco_scene02_1080p__f00009240.png,Roco_scene02_1080p,bicubic,30.991831,0.967145
Roco_scene02_1080p__f00009270.png,Roco_scene02_1080p,bicubic,31.607321,0.970955
Roco_scene02_1080p__f00009300.png,Roco_scene02_1080p,bicubic,30.881456,0.968934
Roco_scene02_1080p__f00009330.png,Roco_scene02_1080p,bicubic,30.590833,0.964887
Roco_scene02_1080p__f00009360.png,Roco_scene02_1080p,bicubic,30.384031,0.964894
Roco_scene02_1080p__f00009390.png,Roco_scene02_1080p,bicubic,30.842834,0.969645
Roco_scene02_1080p__f00009420.png,Roco_scene02_1080p,bicubic,30.610305,0.963436
Roco_scene02_1080p__f00009450.png,Roco_scene02_1080p,bicubic,30.978642,0.966628
Roco_scene02_1080p__f00009480.png,Roco_scene02_1080p,bicubic,31.493003,0.967298
Roco_scene02_1080p__f00009510.png,Roco_scene02_1080p,bicubic,31.459873,0.968301
Roco_scene02_1080p__f00009540.png,Roco_scene02_1080p,bicubic,31.358901,0.969168
Roco_scene02_1080p__f00009570.png,Roco_scene02_1080p,bicubic,31.548418,0.971423
Roco_scene02_1080p__f00009600.png,Roco_scene02_1080p,bicubic,31.743555,0.966582
Roco_scene02_1080p__f00009630.png,Roco_scene02_1080p,bicubic,31.170263,0.968636
Roco_scene02_1080p__f00009660.png,Roco_scene02_1080p,bicubic,30.652405,0.96732
Roco_scene02_1080p__f00009690.png,Roco_scene02_1080p,bicubic,31.194125,0.971642
Roco_scene02_1080p__f00009720.png,Roco_scene02_1080p,bicubic,31.72704,0.969774
Roco_scene02_1080p__f00009750.png,Roco_scene02_1080p,bicubic,30.282335,0.966101
Roco_scene02_1080p__f00009780.png,Roco_scene02_1080p,bicubic,29.969373,0.966044
Roco_scene02_1080p__f00009810.png,Roco_scene02_1080p,bicubic,29.987225,0.965333
Roco_scene02_1080p__f00009840.png,Roco_scene02_1080p,bicubic,30.066475,0.962522
Roco_scene02_1080p__f00009870.png,Roco_scene02_1080p,bicubic,30.372359,0.964573
Roco_scene02_1080p__f00009900.png,Roco_scene02_1080p,bicubic,31.404893,0.96943
Roco_scene02_1080p__f00009930.png,Roco_scene02_1080p,bicubic,31.100918,0.965258
Roco_scene02_1080p__f00009960.png,Roco_scene02_1080p,bicubic,30.14371,0.958445
Roco_scene02_1080p__f00009990.png,Roco_scene02_1080p,bicubic,30.681578,0.961447
Roco_scene02_1080p__f00010020.png,Roco_scene02_1080p,bicubic,30.255271,0.960375
Roco_scene02_1080p__f00010050.png,Roco_scene02_1080p,bicubic,30.010129,0.95821
Roco_scene02_1080p__f00010080.png,Roco_scene02_1080p,bicubic,30.753625,0.967588
Roco_scene02_1080p__f00010110.png,Roco_scene02_1080p,bicubic,31.516963,0.970965
Roco_scene02_1080p__f00010140.png,Roco_scene02_1080p,bicubic,31.788917,0.973029
Roco_scene02_1080p__f00010170.png,Roco_scene02_1080p,bicubic,30.340516,0.958475
Roco_scene02_1080p__f00010200.png,Roco_scene02_1080p,bicubic,30.705803,0.964671
Roco_scene02_1080p__f00010230.png,Roco_scene02_1080p,bicubic,30.357031,0.963185
Roco_scene02_1080p__f00010260.png,Roco_scene02_1080p,bicubic,30.163398,0.958989
Roco_scene02_1080p__f00010290.png,Roco_scene02_1080p,bicubic,30.831796,0.964713
Roco_scene02_1080p__f00010320.png,Roco_scene02_1080p,bicubic,30.576937,0.960695
Roco_scene02_1080p__f00010350.png,Roco_scene02_1080p,bicubic,30.940985,0.96397
Roco_scene02_1080p__f00010380.png,Roco_scene02_1080p,bicubic,30.232548,0.960773
Roco_scene02_1080p__f00010410.png,Roco_scene02_1080p,bicubic,30.075912,0.96083
Roco_scene02_1080p__f00010440.png,Roco_scene02_1080p,bicubic,29.835537,0.958687
Roco_scene02_1080p__f00010470.png,Roco_scene02_1080p,bicubic,30.182682,0.958822
Roco_scene02_1080p__f00010500.png,Roco_scene02_1080p,bicubic,29.857908,0.955079
Roco_scene02_1080p__f00010530.png,Roco_scene02_1080p,bicubic,31.17429,0.964287
Roco_scene02_1080p__f00010560.png,Roco_scene02_1080p,bicubic,31.212587,0.964385
Roco_scene02_1080p__f00010590.png,Roco_scene02_1080p,bicubic,30.449787,0.958685
Roco_scene02_1080p__f00010620.png,Roco_scene02_1080p,bicubic,30.404366,0.959478
Roco_scene02_1080p__f00010650.png,Roco_scene02_1080p,bicubic,30.590803,0.956593
Roco_scene02_1080p__f00010680.png,Roco_scene02_1080p,bicubic,31.045262,0.960273
Roco_scene02_1080p__f00010710.png,Roco_scene02_1080p,bicubic,30.81742,0.957351
Roco_scene02_1080p__f00010740.png,Roco_scene02_1080p,bicubic,30.873272,0.960357
Roco_scene02_1080p__f00010770.png,Roco_scene02_1080p,bicubic,31.463426,0.959426
Roco_scene02_1080p__f00010800.png,Roco_scene02_1080p,bicubic,31.120811,0.957145
Roco_scene02_1080p__f00010830.png,Roco_scene02_1080p,bicubic,31.131832,0.960703
Roco_scene02_1080p__f00010860.png,Roco_scene02_1080p,bicubic,30.657454,0.953125
Roco_scene02_1080p__f00010890.png,Roco_scene02_1080p,bicubic,31.399001,0.965978
Roco_scene02_1080p__f00010920.png,Roco_scene02_1080p,bicubic,31.386121,0.962287
Roco_scene02_1080p__f00010950.png,Roco_scene02_1080p,bicubic,30.374943,0.951153
Roco_scene02_1080p__f00010980.png,Roco_scene02_1080p,bicubic,32.107219,0.966803
Roco_scene02_1080p__f00011010.png,Roco_scene02_1080p,bicubic,32.001238,0.971531
Roco_scene02_1080p__f00011040.png,Roco_scene02_1080p,bicubic,30.349184,0.960935
Roco_scene02_1080p__f00011070.png,Roco_scene02_1080p,bicubic,31.164337,0.968467
Roco_scene02_1080p__f00011100.png,Roco_scene02_1080p,bicubic,31.288725,0.968705
Roco_scene02_1080p__f00011130.png,Roco_scene02_1080p,bicubic,31.210209,0.966101
Roco_scene02_1080p__f00011160.png,Roco_scene02_1080p,bicubic,31.056228,0.967452
Roco_scene02_1080p__f00011190.png,Roco_scene02_1080p,bicubic,31.307064,0.966499
Roco_scene02_1080p__f00011220.png,Roco_scene02_1080p,bicubic,31.17261,0.96698
Roco_scene02_1080p__f00011250.png,Roco_scene02_1080p,bicubic,30.305406,0.964258
Roco_scene02_1080p__f00011280.png,Roco_scene02_1080p,bicubic,29.929685,0.959478
Roco_scene02_1080p__f00011310.png,Roco_scene02_1080p,bicubic,30.708777,0.964355
Roco_scene02_1080p__f00011340.png,Roco_scene02_1080p,bicubic,30.892255,0.965108
Roco_scene02_1080p__f00011370.png,Roco_scene02_1080p,bicubic,30.433024,0.965224
Roco_scene02_1080p__f00011400.png,Roco_scene02_1080p,bicubic,30.581486,0.960997
Roco_scene02_1080p__f00011430.png,Roco_scene02_1080p,bicubic,30.623362,0.960576
Roco_scene02_1080p__f00011460.png,Roco_scene02_1080p,bicubic,30.117984,0.958587
Roco_scene02_1080p__f00011490.png,Roco_scene02_1080p,bicubic,30.221133,0.95984
Roco_scene02_1080p__f00011520.png,Roco_scene02_1080p,bicubic,30.547725,0.962121
Roco_scene02_1080p__f00011550.png,Roco_scene02_1080p,bicubic,30.756492,0.964053
