image,method,time_ms
Roco_scene02_1080p__f00000000.png,bicubic,17.9136
Roco_scene02_1080p__f00000030.png,bicubic,17.8431
Roco_scene02_1080p__f00000060.png,bicubic,18.7929
Roco_scene02_1080p__f00000090.png,bicubic,18.6384
Roco_scene02_1080p__f00000120.png,bicubic,17.8933
Roco_scene02_1080p__f00000150.png,bicubic,30.6043
Roco_scene02_1080p__f00000180.png,bicubic,19.3714
Roco_scene02_1080p__f00000210.png,bicubic,20.9394
Roco_scene02_1080p__f00000240.png,bicubic,20.4158
Roco_scene02_1080p__f00000270.png,bicubic,18.3598
Roco_scene02_1080p__f00000300.png,bicubic,16.8588
Roco_scene02_1080p__f00000330.png,bicubic,18.7978
Roco_scene02_1080p__f00000360.png,bicubic,16.804
Roco_scene02_1080p__f00000390.png,bicubic,18.0468
Roco_scene02_1080p__f00000420.png,bicubic,17.0708
Roco_scene02_1080p__f00000450.png,bicubic,19.1258
Roco_scene02_1080p__f00000480.png,bicubic,18.9482
Roco_scene02_1080p__f00000510.png,bicubic,17.7344
Roco_scene02_1080p__f00000540.png,bicubic,17.3102
Roco_scene02_1080p__f00000570.png,bicubic,18.4907
Roco_scene02_1080p__f00000600.png,bicubic,18.5449
Roco_scene02_1080p__f00000630.png,bicubic,20.5946
Roco_scene02_1080p__f00000660.png,bicubic,20.2175
Roco_scene02_1080p__f00000690.png,bicubic,20.8692
Roco_scene02_1080p__f00000720.png,bicubic,21.0538
Roco_scene02_1080p__f00000750.png,bicubic,18.411
Roco_scene02_1080p__f00000780.png,bicubic,21.2736
Roco_scene02_1080p__f00000810.png,bicubic,19.4593
Roco_scene02_1080p__f00000840.png,bicubic,24.5411
Roco_scene02_1080p__f00000870.png,bicubic,21.3625
Roco_scene02_1080p__f00000900.png,bicubic,17.7683
Roco_scene02_1080p__f00000930.png,bicubic,18.3971
Roco_scene02_1080p__f00000960.png,bicubic,17.6734
Roco_scene02_1080p__f00000990.png,bicubic,17.9056
Roco_scene02_1080p__f00001020.png,bicubic,17.8181
Roco_scene02_1080p__f00001050.png,bicubic,18.7399
Roco_scene02_1080p__f00001080.png,bicubic,20.6994
Roco_scene02_1080p__f00001110.png,bicubic,22.5315
Roco_scene02_1080p__f00001140.png,bicubic,19.754
Roco_scene02_1080p__f00001170.png,bicubic,22.6009
Roco_scene02_1080p__f00001200.png,bicubic,19.4437
Roco_scene02_1080p__f00001230.png,bicubic,19.3916
Roco_scene02_1080p__f00001260.png,bicubic,18.9247
Roco_scene02_1080p__f00001290.png,bicubic,18.4284
Roco_scene02_1080p__f00001320.png,bicubic,19.7175
Roco_scene02_1080p__f00001350.png,bicubic,18.651
Roco_scene02_1080p__f00001380.png,bicubic,19.5762
Roco_scene02_1080p__f00001410.png,bicubic,19.8152
Roco_scene02_1080p__f00001440.png,bicubic,19.091
Roco_scene02_1080p__f00001470.png,bicubic,30.4756
Roco_scene02_1080p__f00001500.png,bicubic,21.957
Roco_scene02_1080p__f00001530.png,bicubic,24.3098
Roco_scene02_1080p__f00001560.png,bicubic,21.9702
Roco_scene02_1080p__f00001590.png,bicubic,21.7108
Roco_scene02_1080p__f00001620.png,bicubic,20.5743
Roco_scene02_1080p__f00001650.png,bicubic,19.0724
Roco_scene02_1080p__f00001680.png,bicubic,20.4054
Roco_scene02_1080p__f00001710.png,bicubic,17.846
Roco_scene02_1080p__f00001740.png,bicubic,18.9371
Roco_scene02_1080p__f00001770.png,bicubic,17.6064
Roco_scene02_1080p__f00001800.png,bicubic,19.2531
Roco_scene02_1080p__f00001830.png,bicubic,22.3251
Roco_scene02_1080p__f00001860.png,bicubic,22.8575
Roco_scene02_1080p__f00001890.png,bicubic,20.283
Roco_scene02_1080p__f00001920.png,bicubic,21.8628
Roco_scene02_1080p__f00001950.png,bicubic,19.1866
Roco_scene02_1080p__f00001980.png,bicubic,19.5906
Roco_scene02_1080p__f00002010.png,bicubic,19.726
Roco_scene02_1080p__f00002040.png,bicubic,20.5413
Roco_scene02_1080p__f00002070.png,bicubic,22.5862
Roco_scene02_1080p__f00002100.png,bicubic,28.9894
Roco_scene02_1080p__f00002130.png,bicubic,18.6035
Roco_scene02_1080p__f00002160.png,bicubic,18.1029
Roco_scene02_1080p__f00002190.png,bicubic,17.2084
Roco_scene02_1080p__f00002220.png,bicubic,17.6123
Roco_scene02_1080p__f00002250.png,bicubic,20.7946
Roco_scene02_1080p__f00002280.png,bicubic,19.6373
Roco_scene02_1080p__f00002310.png,bicubic,20.7043
Roco_scene02_1080p__f00002340.png,bicubic,19.6823
Roco_scene02_1080p__f00002370.png,bicubic,18.7671
Roco_scene02_1080p__f00002400.png,bicubic,20.1579
Roco_scene02_1080p__f00002430.png,bicubic,17.8153
Roco_scene02_1080p__f00002460.png,bicubic,18.4718
Roco_scene02_1080p__f00002490.png,bicubic,19.7533
Roco_scene02_1080p__f00002520.png,bicubic,19.5996
Roco_scene02_1080p__f00002550.png,bicubic,18.6211
Roco_scene02_1080p__f00002580.png,bicubic,21.1095
Roco_scene02_1080p__f00002610.png,bicubic,19.2844
Roco_scene02_1080p__f00002640.png,bicubic,19.8478
Roco_scene02_1080p__f00002670.png,bicubic,18.8563
Roco_scene02_1080p__f00002700.png,bicubic,17.9303
Roco_scene02_1080p__f00002730.png,bicubic,18.4523
Roco_scene02_1080p__f00002760.png,bicubic,17.5908
Roco_scene02_1080p__f00002790.png,bicubic,17.0847
Roco_scene02_1080p__f00002820.png,bicubic,19.4208
Roco_scene02_1080p__f00002850.png,bicubic,17.218
Roco_scene02_1080p__f00002880.png,bicubic,18.0644
Roco_scene02_1080p__f00002910.png,bicubic,18.754
Roco_scene02_1080p__f00002940.png,bicubic,17.8434
Roco_scene02_1080p__f00002970.png,bicubic,18.8413
Roco_scene02_1080p__f00003000.png,bicubic,17.6673
Roco_scene02_1080p__f00003030.png,bicubic,18.401
Roco_scene02_1080p__f00003060.png,bicubic,17.4082
Roco_scene02_1080p__f00003090.png,bicubic,18.4861
Roco_scene02_1080p__f00003120.png,bicubic,19.6607
Roco_scene02_1080p__f00003150.png,bicubic,19.0543
Roco_scene02_1080p__f00003180.png,bicubic,20.1759
Roco_scene02_1080p__f00003210.png,bicubic,20.8123
Roco_scene02_1080p__f00003240.png,bicubic,18.431
Roco_scene02_1080p__f00003270.png,bicubic,19.8977
Roco_scene02_1080p__f00003300.png,bicubic,18.3015
Roco_scene02_1080p__f00003330.png,bicubic,18.4056
Roco_scene02_1080p__f00003360.png,bicubic,18.5858
Roco_scene02_1080p__f00003390.png,bicubic,18.9506
Roco_scene02_1080p__f00003420.png,bicubic,18.8407
Roco_scene02_1080p__f00003450.png,bicubic,18.6719
Roco_scene02_1080p__f00003480.png,bicubic,19.2582
Roco_scene02_1080p__f00003510.png,bicubic,21.5153
Roco_scene02_1080p__f00003540.png,bicubic,19.1023
Roco_scene02_1080p__f00003570.png,bicubic,19.8973
Roco_scene02_1080p__f00003600.png,bicubic,20.1594
Roco_scene02_1080p__f00003630.png,bicubic,19.569
Roco_scene02_1080p__f00003660.png,bicubic,21.6534
Roco_scene02_1080p__f00003690.png,bicubic,20.0954
Roco_scene02_1080p__f00003720.png,bicubic,21.0161
Roco_scene02_1080p__f00003750.png,bicubic,21.3348
Roco_scene02_1080p__f00003780.png,bicubic,22.2757
Roco_scene02_1080p__f00003810.png,bicubic,21.0796
Roco_scene02_1080p__f00003840.png,bicubic,19.8058
Roco_scene02_1080p__f00003870.png,bicubic,19.3955
Roco_scene02_1080p__f00003900.png,bicubic,18.201
Roco_scene02_1080p__f00003930.png,bicubic,19.0387
Roco_scene02_1080p__f00003960.png,bicubic,19.7888
Roco_scene02_1080p__f00003990.png,bicubic,21.6804
Roco_scene02_1080p__f00004020.png,bicubic,21.9439
Roco_scene02_1080p__f00004050.png,bicubic,21.7281
Roco_scene02_1080p__f00004080.png,bicubic,19.8671
Roco_scene02_1080p__f00004110.png,bicubic,21.5255
Roco_scene02_1080p__f00004140.png,bicubic,20.2257
Roco_scene02_1080p__f00004170.png,bicubic,20.2421
Roco_scene02_1080p__f00004200.png,bicubic,21.5352
Roco_scene02_1080p__f00004230.png,bicubic,22.368
Roco_scene02_1080p__f00004260.png,bicubic,20.012
Roco_scene02_1080p__f00004290.png,bicubic,21.4069
Roco_scene02_1080p__f00004320.png,bicubic,18.3747
Roco_scene02_1080p__f00004350.png,bicubic,18.5599
Roco_scene02_1080p__f00004380.png,bicubic,18.7053
Roco_scene02_1080p__f00004410.png,bicubic,18.7766
Roco_scene02_1080p__f00004440.png,bicubic,19.5638
Roco_scene02_1080p__f00004470.png,bicubic,18.934
Roco_scene02_1080p__f00004500.png,bicubic,20.9438
Roco_scene02_1080p__f00004530.png,bicubic,18.8223
Roco_scene02_1080p__f00004560.png,bicubic,17.4338
Roco_scene02_1080p__f00004590.png,bicubic,20.5454
Roco_scene02_1080p__f00004620.png,bicubic,19.6271
Roco_scene02_1080p__f00004650.png,bicubic,21.704
Roco_scene02_1080p__f00004680.png,bicubic,20.0152
Roco_scene02_1080p__f00004710.png,bicubic,21.3214
Roco_scene02_1080p__f00004740.png,bicubic,18.7367
Roco_scene02_1080p__f00004770.png,bicubic,21.0283
Roco_scene02_1080p__f00004800.png,bicubic,19.8328
Roco_scene02_1080p__f00004830.png,bicubic,19.4185
Roco_scene02_1080p__f00004860.png,bicubic,19.6978
Roco_scene02_1080p__f00004890.png,bicubic,30.4775
Roco_scene02_1080p__f00004920.png,bicubic,19.3103
Roco_scene02_1080p__f00004950.png,bicubic,21.0985
Roco_scene02_1080p__f00004980.png,bicubic,18.9602
Roco_scene02_1080p__f00005010.png,bicubic,20.1922
Roco_scene02_1080p__f00005040.png,bicubic,20.1953
Roco_scene02_1080p__f00005070.png,bicubic,21.2511
Roco_scene02_1080p__f00005100.png,bicubic,19.1102
Roco_scene02_1080p__f00005130.png,bicubic,19.4071
Roco_scene02_1080p__f00005160.png,bicubic,19.5187
Roco_scene02_1080p__f00005190.png,bicubic,20.6361
Roco_scene02_1080p__f00005220.png,bicubic,21.3032
Roco_scene02_1080p__f00005250.png,bicubic,21.2323
Roco_scene02_1080p__f00005280.png,bicubic,22.2513
Roco_scene02_1080p__f00005310.png,bicubic,21.7755
Roco_scene02_1080p__f00005340.png,bicubic,19.6145
Roco_scene02_1080p__f00005370.png,bicubic,20.0073
Roco_scene02_1080p__f00005400.png,bicubic,20.2957
Roco_scene02_1080p__f00005430.png,bicubic,19.6206
Roco_scene02_1080p__f00005460.png,bicubic,19.6212
Roco_scene02_1080p__f00005490.png,bicubic,19.9207
Roco_scene02_1080p__f00005520.png,bicubic,21.9568
Roco_scene02_1080p__f00005550.png,bicubic,23.5886
Roco_scene02_1080p__f00005580.png,bicubic,21.7127
Roco_scene02_1080p__f00005610.png,bicubic,22.2218
Roco_scene02_1080p__f00005640.png,bicubic,21.0586
Roco_scene02_1080p__f00005670.png,bicubic,18.927
Roco_scene02_1080p__f00005700.png,bicubic,19.2481
Roco_scene02_1080p__f00005730.png,bicubic,19.6008
Roco_scene02_1080p__f00005760.png,bicubic,19.0175
Roco_scene02_1080p__f00005790.png,bicubic,20.5104
Roco_scene02_1080p__f00005820.png,bicubic,20.4917
Roco_scene02_1080p__f00005850.png,bicubic,20.0025
Roco_scene02_1080p__f00005880.png,bicubic,20.3906
Roco_scene02_1080p__f00005910.png,bicubic,19.9671
Roco_scene02_1080p__f00005940.png,bicubic,19.1511
Roco_scene02_1080p__f00005970.png,bicubic,20.5788
Roco_scene02_1080p__f00006000.png,bicubic,19.1703
Roco_scene02_1080p__f00006030.png,bicubic,19.5883
Roco_scene02_1080p__f00006060.png,bicubic,20.8715
Roco_scene02_1080p__f00006090.png,bicubic,20.5991
Roco_scene02_1080p__f00006120.png,bicubic,18.8835
Roco_scene02_1080p__f00006150.png,bicubic,17.9866
Roco_scene02_1080p__f00006180.png,bicubic,19.7916
Roco_scene02_1080p__f00006210.png,bicubic,19.12
Roco_scene02_1080p__f00006240.png,bicubic,19.7116
Roco_scene02_1080p__f00006270.png,bicubic,22.2766
Roco_scene02_1080p__f00006300.png,bicubic,20.9112
Roco_scene02_1080p__f00006330.png,bicubic,21.1971
Roco_scene02_1080p__f00006360.png,bicubic,25.5538
Roco_scene02_1080p__f00006390.png,bicubic,21.8653
Roco_scene02_1080p__f00006420.png,bicubic,19.8037
Roco_scene02_1080p__f00006450.png,bicubic,19.4297
Roco_scene02_1080p__f00006480.png,bicubic,19.6619
Roco_scene02_1080p__f00006510.png,bicubic,20.1858
Roco_scene02_1080p__f00006540.png,bicubic,20.5494
Roco_scene02_1080p__f00006570.png,bicubic,21.0615
Roco_scene02_1080p__f00006600.png,bicubic,19.8604
Roco_scene02_1080p__f00006630.png,bicubic,18.4021
Roco_scene02_1080p__f00006660.png,bicubic,19.1783
Roco_scene02_1080p__f00006690.png,bicubic,19.5991
Roco_scene02_1080p__f00006720.png,bicubic,18.8594
Roco_scene02_1080p__f00006750.png,bicubic,18.5398
Roco_scene02_1080p__f00006780.png,bicubic,18.9776
Roco_scene02_1080p__f00006810.png,bicubic,19.6433
Roco_scene02_1080p__f00006840.png,bicubic,19.6591
Roco_scene02_1080p__f00006870.png,bicubic,22.1988
Roco_scene02_1080p__f00006900.png,bicubic,19.967
Roco_scene02_1080p__f00006930.png,bicubic,18.6984
Roco_scene02_1080p__f00006960.png,bicubic,19.8772
Roco_scene02_1080p__f00006990.png,bicubic,20.3355
Roco_scene02_1080p__f00007020.png,bicubic,20.3587
Roco_scene02_1080p__f00007050.png,bicubic,21.4306
Roco_scene02_1080p__f00007080.png,bicubic,20.5796
Roco_scene02_1080p__f00007110.png,bicubic,20.1626
Roco_scene02_1080p__f00007140.png,bicubic,21.5741
Roco_scene02_1080p__f00007170.png,bicubic,20.0732
Roco_scene02_1080p__f00007200.png,bicubic,20.389
Roco_scene02_1080p__f00007230.png,bicubic,20.3698
Roco_scene02_1080p__f00007260.png,bicubic,20.446
Roco_scene02_1080p__f00007290.png,bicubic,18.2937
Roco_scene02_1080p__f00007320.png,bicubic,21.2034
Roco_scene02_1080p__f00007350.png,bicubic,19.8957
Roco_scene02_1080p__f00007380.png,bicubic,20.0301
Roco_scene02_1080p__f00007410.png,bicubic,22.494
Roco_scene02_1080p__f00007440.png,bicubic,24.4676
Roco_scene02_1080p__f00007470.png,bicubic,21.4058
Roco_scene02_1080p__f00007500.png,bicubic,25.1903
Roco_scene02_1080p__f00007530.png,bicubic,22.4849
Roco_scene02_1080p__f00007560.png,bicubic,21.9016
Roco_scene02_1080p__f00007590.png,bicubic,21.9116
Roco_scene02_1080p__f00007620.png,bicubic,19.059
Roco_scene02_1080p__f00007650.png,bicubic,19.3074
Roco_scene02_1080p__f00007680.png,bicubic,18.6852
Roco_scene02_1080p__f00007710.png,bicubic,21.2802
Roco_scene02_1080p__f00007740.png,bicubic,20.0507
Roco_scene02_1080p__f00007770.png,bicubic,19.4663
Roco_scene02_1080p__f00007800.png,bicubic,19.478
Roco_scene02_1080p__f00007830.png,bicubic,19.2142
Roco_scene02_1080p__f00007860.png,bicubic,19.6247
Roco_scene02_1080p__f00007890.png,bicubic,19.3677
Roco_scene02_1080p__f00007920.png,bicubic,19.3876
Roco_scene02_1080p__f00007950.png,bicubic,19.7703
Roco_scene02_1080p__f00007980.png,bicubic,19.5348
Roco_scene02_1080p__f00008010.png,bicubic,20.3845
Roco_scene02_1080p__f00008040.png,bicubic,21.4422
Roco_scene02_1080p__f00008070.png,bicubic,19.5723
Roco_scene02_1080p__f00008100.png,bicubic,18.9886
Roco_scene02_1080p__f00008130.png,bicubic,19.9186
Roco_scene02_1080p__f00008160.png,bicubic,19.8248
Roco_scene02_1080p__f00008190.png,bicubic,19.3351
Roco_scene02_1080p__f00008220.png,bicubic,18.5316
Roco_scene02_1080p__f00008250.png,bicubic,19.9828
Roco_scene02_1080p__f00008280.png,bicubic,19.1626
Roco_scene02_1080p__f00008310.png,bicubic,19.3162
Roco_scene02_1080p__f00008340.png,bicubic,19.4253
Roco_scene02_1080p__f00008370.png,bicubic,18.4103
Roco_scene02_1080p__f00008400.png,bicubic,19.0373
Roco_scene02_1080p__f00008430.png,bicubic,19.5887
Roco_scene02_1080p__f00008460.png,bicubic,20.211
Roco_scene02_1080p__f00008490.png,bicubic,19.2129
Roco_scene02_1080p__f00008520.png,bicubic,20.3304
Roco_scene02_1080p__f00008550.png,bicubic,22.4008
Roco_scene02_1080p__f00008580.png,bicubic,23.0118
Roco_scene02_1080p__f00008610.png,bicubic,29.6771
Roco_scene02_1080p__f00008640.png,bicubic,22.1044
Roco_scene02_1080p__f00008670.png,bicubic,20.0302
Roco_scene02_1080p__f00008700.png,bicubic,19.6576
Roco_scene02_1080p__f00008730.png,bicubic,19.813
Roco_scene02_1080p__f00008760.png,bicubic,18.4794
Roco_scene02_1080p__f00008790.png,bicubic,18.3564
Roco_scene02_1080p__f00008820.png,bicubic,19.9202
Roco_scene02_1080p__f00008850.png,bicubic,19.1497
Roco_scene02_1080p__f00008880.png,bicubic,19.2985
Roco_scene02_1080p__f00008910.png,bicubic,20.3911
Roco_scene02_1080p__f00008940.png,bicubic,19.3637
Roco_scene02_1080p__f00008970.png,bicubic,19.4971
Roco_scene02_1080p__f00009000.png,bicubic,19.3175
Roco_scene02_1080p__f00009030.png,bicubic,20.4009
Roco_scene02_1080p__f00009060.png,bicubic,19.6845
Roco_scene02_1080p__f00009090.png,bicubic,19.618
Roco_scene02_1080p__f00009120.png,bicubic,20.2645
Roco_scene02_1080p__f00009150.png,bicubic,19.0471
Roco_scene02_1080p__f00009180.png,bicubic,20.3168
Roco_scene02_1080p__f00009210.png,bicubic,18.5007
Roco_scene02_1080p__f00009240.png,bicubic,19.9881
Roco_scene02_1080p__f00009270.png,bicubic,19.4599
Roco_scene02_1080p__f00009300.png,bicubic,21.4381
Roco_scene02_1080p__f00009330.png,bicubic,20.6238
Roco_scene02_1080p__f00009360.png,bicubic,19.9366
Roco_scene02_1080p__f00009390.png,bicubic,20.9912
Roco_scene02_1080p__f00009420.png,bicubic,18.8959
Roco_scene02_1080p__f00009450.png,bicubic,18.5041
Roco_scene02_1080p__f00009480.png,bicubic,20.4607
Roco_scene02_1080p__f00009510.png,bicubic,20.9998
Roco_scene02_1080p__f00009540.png,bicubic,19.8487
Roco_scene02_1080p__f00009570.png,bicubic,20.8443
Roco_scene02_1080p__f00009600.png,bicubic,20.7682
Roco_scene02_1080p__f00009630.png,bicubic,20.0376
Roco_scene02_1080p__f00009660.png,bicubic,19.8801
Roco_scene02_1080p__f00009690.png,bicubic,19.81
Roco_scene02_1080p__f00009720.png,bicubic,21.2307
Roco_scene02_1080p__f00009750.png,bicubic,20.5998
Roco_scene02_1080p__f00009780.png,bicubic,22.0234
Roco_scene02_1080p__f00009810.png,bicubic,21.9691
Roco_scene02_1080p__f00009840.png,bicubic,20.8104
Roco_scene02_1080p__f00009870.png,bicubic,20.5514
Roco_scene02_1080p__f00009900.png,bicubic,19.309
Roco_scene02_1080p__f00009930.png,bicubic,21.1949
Roco_scene02_1080p__f00009960.png,bicubic,20.8768
Roco_scene02_1080p__f00009990.png,bicubic,19.7032
Roco_scene02_1080p__f00010020.png,bicubic,20.2365
Roco_scene02_1080p__f00010050.png,bicubic,21.3999
Roco_scene02_1080p__f00010080.png,bicubic,30.5568
Roco_scene02_1080p__f00010110.png,bicubic,19.9205
Roco_scene02_1080p__f00010140.png,bicubic,18.8354
Roco_scene02_1080p__f00010170.png,bicubic,18.604
Roco_scene02_1080p__f00010200.png,bicubic,19.6876
Roco_scene02_1080p__f00010230.png,bicubic,20.183
Roco_scene02_1080p__f00010260.png,bicubic,23.6494
Roco_scene02_1080p__f00010290.png,bicubic,23.9558
Roco_scene02_1080p__f00010320.png,bicubic,20.1741
Roco_scene02_1080p__f00010350.png,bicubic,19.1743
Roco_scene02_1080p__f00010380.png,bicubic,18.9313
Roco_scene02_1080p__f00010410.png,bicubic,19.0134
Roco_scene02_1080p__f00010440.png,bicubic,20.7139
Roco_scene02_1080p__f00010470.png,bicubic,19.4921
Roco_scene02_1080p__f00010500.png,bicubic,18.0459
Roco_scene02_1080p__f00010530.png,bicubic,19.8377
Roco_scene02_1080p__f00010560.png,bicubic,19.6106
Roco_scene02_1080p__f00010590.png,bicubic,21.7004
Roco_scene02_1080p__f00010620.png,bicubic,20.5185
Roco_scene02_1080p__f00010650.png,bicubic,20.9437
Roco_scene02_1080p__f00010680.png,bicubic,20.8168
Roco_scene02_1080p__f00010710.png,bicubic,19.6358
Roco_scene02_1080p__f00010740.png,bicubic,19.8345
Roco_scene02_1080p__f00010770.png,bicubic,23.6447
Roco_scene02_1080p__f00010800.png,bicubic,22.8386
Roco_scene02_1080p__f00010830.png,bicubic,20.6904
Roco_scene02_1080p__f00010860.png,bicubic,18.2755
Roco_scene02_1080p__f00010890.png,bicubic,19.7976
Roco_scene02_1080p__f00010920.png,bicubic,18.9403
Roco_scene02_1080p__f00010950.png,bicubic,19.748
Roco_scene02_1080p__f00010980.png,bicubic,20.8355
Roco_scene02_1080p__f00011010.png,bicubic,20.1545
Roco_scene02_1080p__f00011040.png,bicubic,20.5116
Roco_scene02_1080p__f00011070.png,bicubic,21.0428
Roco_scene02_1080p__f00011100.png,bicubic,19.9559
Roco_scene02_1080p__f00011130.png,bicubic,20.9759
Roco_scene02_1080p__f00011160.png,bicubic,21.2063
Roco_scene02_1080p__f00011190.png,bicubic,19.6858
Roco_scene02_1080p__f00011220.png,bicubic,19.369
Roco_scene02_1080p__f00011250.png,bicubic,21.6567
Roco_scene02_1080p__f00011280.png,bicubic,19.3055
Roco_scene02_1080p__f00011310.png,bicubic,19.8479
Roco_scene02_1080p__f00011340.png,bicubic,20.7206
Roco_scene02_1080p__f00011370.png,bicubic,19.9688
Roco_scene02_1080p__f00011400.png,bicubic,20.0137
Roco_scene02_1080p__f00011430.png,bicubic,20.5193
Roco_scene02_1080p__f00011460.png,bicubic,25.0125
Roco_scene02_1080p__f00011490.png,bicubic,18.6851
Roco_scene02_1080p__f00011520.png,bicubic,19.8222
Roco_scene02_1080p__f00011550.png,bicubic,19.8489
